Theta1,Theta2,Theta3,Theta4,Theta5,Theta6,Delay
0.0,0.0,0.0,0.0,0.0,0.0,1.0
1.117010721276371,0.0,0.0,0.0,0.0,0.0,1.0
-1.2217304763960306,0.0,0.0,0.0,0.0,0.0,1.0
1.6231562043547263,0.0,0.0,0.0,0.0,0.0,1.0
